{
  "ConditionPanel": {
    "cureBurn": false,
    "curseCost": 80,
    "electrifyCost": 22,
    "ignoreInPz": true,
    "bleedCost": 45,
    "cureCurse": false,
    "holdHaste": false,
    "curePosion": false,
    "hasteSpell": "utani hur",
    "uturaType": "",
    "burnCost": 30,
    "cureBleed": false,
    "holdUtura": false,
    "paralyseSpell": "utani hur",
    "hasteCost": 40,
    "cureParalyse": false,
    "poisonCost": 20,
    "utamoCost": 40,
    "enabled": false,
    "uturaCost": 100,
    "cureElectrify": false,
    "holdUtamo": false,
    "paralyseCost": 40,
    "utanaCost": 440,
    "holdUtana": false,
    "stopHaste": false
  },
  "currentHealBotProfile": 5,
  "healbot": [
    {
      "MessageDelay": false,
      "Visible": true,
      "Interval": true,
      "Delay": true,
      "Conditions": true,
      "Cooldown": true,
      "spellTable": [

      ],
      "enabled": false,
      "name": "Profile #1",
      "itemTable": [

      ]
    },
    {
      "MessageDelay": false,
      "Visible": true,
      "Interval": true,
      "Delay": true,
      "Conditions": true,
      "Cooldown": true,
      "spellTable": [

      ],
      "enabled": false,
      "name": "Profile #2",
      "itemTable": [

      ]
    },
    {
      "MessageDelay": false,
      "Visible": true,
      "Interval": true,
      "Delay": true,
      "Conditions": true,
      "Cooldown": true,
      "spellTable": [

      ],
      "enabled": false,
      "name": "Profile #3",
      "itemTable": [

      ]
    },
    {
      "MessageDelay": false,
      "Visible": true,
      "Interval": true,
      "Delay": true,
      "Conditions": true,
      "Cooldown": true,
      "spellTable": [

      ],
      "enabled": false,
      "name": "Profile #4",
      "itemTable": [

      ]
    },
    {
      "MessageDelay": false,
      "Visible": true,
      "Interval": true,
      "Delay": true,
      "Conditions": true,
      "Cooldown": true,
      "spellTable": [

      ],
      "enabled": false,
      "name": "Profile #5",
      "itemTable": [

      ]
    }
  ]
}